{
    "tabs": [
        {
            "title": "Computers",
            "path": "computers",
            "default_tab": "yes",
            "subitems": [
                {
                    "title": "Getting Started",
                    "description": "This is the stuff about how to get started",
                    "image": "full-sized/Getting-Started.png",
                    "subpath": "getting-started.adoc"
                },
                {
                    "title": "Raspberry Pi OS",
                    "description": "The official OS of Raspberry Pi",
                    "image": "full-sized/Raspberry-Pi-OS.png",
                    "subpath": "os.adoc"
                },
                {
                    "title": "Configuration",
                    "description": "Configuring the Raspberry Pi's settings to suit your needs",
                    "image": "full-sized/Configuration.png",
                    "subpath": "configuration.adoc"
                },
                {
                    "title": "The config.txt file",
                    "description": "Low-level control of your Raspberry Pi's settings",
                    "image": "full-sized/The-config-txt-file.png",
                    "subpath": "config_txt.adoc"
                },
                {
                    "title": "The Linux kernel",
                    "description": "How to configure and build a custom kernel for your Raspberry Pi",
                    "image": "full-sized/Linux-Kernel.png",
                    "subpath": "linux_kernel.adoc"
                },
                {
                    "title": "Using Linux",
                    "description": "How to use the Linux command line from Raspberry Pi OS",
                    "image": "full-sized/Using-Linux.png",
                    "subpath": "using_linux.adoc"
                },
                {
                    "title": "Remote Access",
                    "description": "Accessing your Raspberry Pi remotely",
                    "image": "full-sized/Remote-Access.png",
                    "subpath": "remote-access.adoc"
                },
                {
                    "title": "Raspberry Pi Hardware",
                    "description": "Technical information about Raspberry Pi hardware",
                    "image": "full-sized/Raspberry-Pi-Hardware.png",
                    "subpath": "raspberry-pi.adoc"
                },
                {
                    "title": "Compute Module Hardware",
                    "description": "Technical information about Raspberry Pi Compute Module hardware",
                    "image": "full-sized/Compute-Module-Hardware.png",
                    "subpath": "compute-module.adoc"
                },
                {
                    "title": "Processors",
                    "description": "Technical information about the CPUs used by Raspberry Pi",
                    "image": "full-sized/Processors.png",
                    "subpath": "processors.adoc"
                },
                {
                    "title": "PIP",
                    "description": "The Product Information Portal (PIP) for Raspberry Pi compliance documents",
                    "image": "full-sized/PIP.png",
                    "url": "https://pip.raspberrypi.com/"
                },
                {
                    "title": "Datasheets",
                    "description": "The Datasheets site for PDF-based documentation",
                    "image": "full-sized/Datasheets.png",
                    "url": "https://datasheets.raspberrypi.com"
                },
                {
                    "title": "Forums",
                    "description": "User and product support forums",
                    "image": "full-sized/Forums.png",
                    "url": "https://forums.raspberrypi.com"
                }
            ]
        },
        {
            "title": "Accessories",
            "path": "accessories",
            "default_tab": "no",
            "subitems": [
                {
                    "title": "Camera",
                    "description": "We have several Raspberry Pi cameras",
                    "image": "full-sized/Camera.png",
                    "subpath": "camera.adoc"
                },
                {
                    "title": "Display",
                    "description": "The Raspberry Pi Touch Display",
                    "image": "full-sized/Display.png",
                    "subpath": "display.adoc"
                },
                {
                    "title": "Keyboard & Mouse",
                    "description": "We have our own keyboard and mouse",
                    "image": "full-sized/Keyboard-and-Mouse.png",
                    "subpath": "keyboard-and-mouse.adoc"
                },
                {
                    "title": "Build HAT",
                    "description": "How to use the Build HAT",
                    "image": "full-sized/Build-HAT.png",
                    "subpath": "build-hat.adoc"
                },
                {
                    "title": "Sense HAT",
                    "description": "How to use the Sense HAT",
                    "image": "full-sized/Sense-HAT.png",
                    "subpath": "sense-hat.adoc"
                },
                {
                    "title": "TV HAT",
                    "description": "How to watch TV on your Raspberry Pi",
                    "image": "full-sized/TV-HAT.png",
                    "subpath": "tv-hat.adoc"
                },
                {
                    "title": "Designing a HAT",
                    "description": "Information on the HAT specification",
                    "image": "full-sized/Designing-a-HAT.png",
                    "url": "https://github.com/raspberrypi/hats"
                },
                {
                    "title": "PIP",
                    "description": "The Product Information Portal (PIP) for Raspberry Pi compliance documents",
                    "image": "full-sized/PIP.png",
                    "url": "https://pip.raspberrypi.com/"
                },
                {
                    "title": "Datasheets",
                    "description": "The Datasheets site for PDF-based documentation",
                    "image": "full-sized/Datasheets.png",
                    "url": "https://datasheets.raspberrypi.com"
                },
                {
                    "title": "Forums",
                    "description": "User and product support forums",
                    "image": "full-sized/Forums.png",
                    "url": "https://forums.raspberrypi.com"
                }
            ]
        },
        {
            "title": "Microcontrollers",
            "path": "microcontrollers",
            "subitems": [
                {
                    "title": "RP2040",
                    "description": "Our first microcontroller device",
                    "image": "full-sized/RP2040.png",
                    "subpath": "rp2040.adoc"
                },
                {
                    "title": "Raspberry Pi Pico",
                    "description": "A board built around our RP2040",
                    "image": "full-sized/Pico.png",
                    "subpath": "raspberry-pi-pico.adoc"
                },
                {
                    "title": "MicroPython",
                    "description": "Getting started with MicroPython",
                    "image": "full-sized/MP.png",
                    "subpath": "micropython.adoc"
                },
                {
                    "title": "The C/C++ SDK",
                    "description": "Getting started with the C/C++ SDK",
                    "image": "full-sized/C-and-CPP.png",
                    "subpath": "c_sdk.adoc"
                },
                {
                    "title": "PIP",
                    "description": "The Product Information Portal (PIP) for Raspberry Pi compliance documents",
                    "image": "full-sized/PIP.png",
                    "url": "https://pip.raspberrypi.com/"
                },
                {
                    "title": "Datasheets",
                    "description": "The Datasheets site for PDF-based documentation",
                    "image": "full-sized/Datasheets.png",
                    "url": "https://datasheets.raspberrypi.com"
                },
                {
                    "title": "Forums",
                    "description": "User and product support forums",
                    "image": "full-sized/Forums.png",
                    "url": "https://forums.raspberrypi.com"
                }
            ]
        }
    ]
}
